trt,gen,zero1,lt151,gt151,zero2,lt152,gt152,tot1,spo1,veg1,mat1,tot2,spo2,veg2,mat2
temp_lbeta_1_0.500,0,29999,5947,54052,89998,0,0,59999,2459,2500,2573,0,0,0,0
temp_lbeta_1_0.667,0,29998,6071,53929,89998,0,0,60000,2432,2451,2573,0,0,0,0
temp_lbeta_1_0.800,0,30000,5961,54037,89998,0,0,59998,2637,2544,2488,0,0,0,0
temp_lbeta_1_1.000,0,30000,6059,53939,89998,0,0,59998,2512,2543,2461,0,0,0,0
temp_lbeta_1_1.250,0,29999,5894,54105,89998,0,0,59999,2531,2529,2472,0,0,0,0
temp_lbeta_1_1.500,0,30000,6053,53945,89998,0,0,59998,2516,2481,2535,0,0,0,0
temp_lbeta_1_2.000,0,30000,5922,54076,89998,0,0,59997,2476,2510,2476,0,0,0,0
temp_ubeta_1_0.500,0,29999,6081,53918,89998,0,0,59999,2529,2542,2552,0,0,0,0
temp_ubeta_1_0.667,0,29999,6019,53980,89998,0,0,59999,2475,2476,2459,0,0,0,0
temp_ubeta_1_0.800,0,30000,6015,53983,89998,0,0,59998,2498,2529,2453,0,0,0,0
temp_ubeta_1_1.000,0,29999,5995,54004,89998,0,0,59999,2573,2485,2471,0,0,0,0
temp_ubeta_1_1.250,0,29998,5938,54062,89998,0,0,60000,2559,2552,2539,0,0,0,0
temp_ubeta_1_1.500,0,30000,6080,53918,89998,0,0,59998,2515,2497,2489,0,0,0,0
temp_ubeta_1_2.000,0,29999,6059,53940,89998,0,0,59999,2494,2570,2511,0,0,0,0
temp_lbeta_1_0.500,25,20367,2349,67282,44353,111,45534,69631,362,1862,41192,45645,8,50,43951
temp_lbeta_1_0.667,25,24835,2891,62272,46718,167,43113,65163,364,2693,33439,43280,18,95,40710
temp_lbeta_1_0.800,25,28165,3030,58803,48482,223,41293,61833,450,3892,28401,41516,22,149,37926
temp_lbeta_1_1.000,25,32505,3254,54239,50860,293,38845,57493,376,6655,21112,39138,44,386,32868
temp_lbeta_1_1.250,25,38068,3175,48755,54153,327,35518,51930,436,9244,14234,35845,55,712,25783
temp_lbeta_1_1.500,25,42056,2919,45023,56618,414,32966,47942,480,11180,9482,33380,59,1185,18841
temp_lbeta_1_2.000,25,39321,1323,49354,54513,117,35368,50677,1200,25145,12565,35485,86,1096,24280
temp_ubeta_1_0.500,25,18885,1585,69528,43491,167,46340,71113,1,15,40020,46507,3,2,43219
temp_ubeta_1_0.667,25,25134,1608,63256,46808,221,42969,64864,12,7,26552,43190,1,0,37138
temp_ubeta_1_0.800,25,30017,1590,58391,49333,254,40411,59981,20,8,17725,40665,4,2,31173
temp_ubeta_1_1.000,25,38086,1575,50337,53754,293,35951,51912,30,18,7296,36244,6,11,20142
temp_ubeta_1_1.250,25,47179,1731,41088,59126,322,30550,42819,59,42,2193,30872,11,16,10529
temp_ubeta_1_1.500,25,54747,1103,34148,62868,220,26910,35251,126,37,1069,27130,40,8,7203
temp_ubeta_1_2.000,25,67533,708,21757,71458,109,18431,22465,128,79,188,18540,41,31,12221
temp_lbeta_1_0.500,50,24104,2939,62955,47009,157,42832,65894,173,3081,44151,42989,14,128,41881
temp_lbeta_1_0.667,50,26431,4099,59468,48161,239,41598,63567,127,6512,35627,41837,6,286,40225
temp_lbeta_1_0.800,50,27364,4673,57961,48763,233,41002,62634,132,10691,31011,41235,8,532,39031
temp_lbeta_1_1.000,50,28937,4688,56373,49362,279,40357,61061,75,16852,27491,40636,5,1107,37895
temp_lbeta_1_1.250,50,31798,5342,52858,50807,365,38826,58200,47,21802,23976,39191,6,1743,35536
temp_lbeta_1_1.500,50,34784,4217,50997,52485,367,37146,55214,57,23452,21300,37513,11,2320,32780
temp_lbeta_1_2.000,50,41313,158,48527,55896,34,34068,48684,157,23970,20502,34102,31,1474,31254
temp_ubeta_1_0.500,50,28166,298,61534,48583,47,41368,61832,0,0,60794,41415,0,0,41361
temp_ubeta_1_0.667,50,35076,398,54524,52045,47,37906,54920,0,0,51970,37953,0,0,37679
temp_ubeta_1_0.800,50,39854,330,49814,54775,56,35167,50144,0,0,43635,35223,0,0,34563
temp_ubeta_1_1.000,50,47052,479,42467,58980,96,30922,42946,0,0,26784,31018,0,0,28022
temp_ubeta_1_1.250,50,53817,766,35415,63108,181,26709,36181,5,0,8048,26890,0,0,16066
temp_ubeta_1_1.500,50,62446,510,27042,68891,127,20980,27552,4,0,2584,21107,6,0,7879
temp_ubeta_1_2.000,50,74588,525,14885,77058,82,12858,15410,21,9,377,12940,10,0,6530
temp_lbeta_1_0.500,75,23207,5026,61765,46706,147,43145,66791,83,5566,43165,43292,6,200,42266
temp_lbeta_1_0.667,75,24099,6843,59056,47066,292,42640,65899,65,11517,35188,42932,5,533,41269
temp_lbeta_1_0.800,75,24918,6632,58448,47256,322,42420,65080,35,16835,31525,42719,2,893,40680
temp_lbeta_1_1.000,75,27175,6359,56464,48676,414,40908,62823,12,22588,28416,41322,0,1452,38803
temp_lbeta_1_1.250,75,29346,7199,53453,49682,451,39865,60652,16,27444,25664,40316,2,2121,37425
temp_lbeta_1_1.500,75,32354,5673,51971,51126,479,38393,57644,2,28377,23609,38872,2,2705,35353
temp_lbeta_1_2.000,75,40901,85,49012,55918,2,34078,49096,7,24980,21923,34080,0,1413,32435
temp_ubeta_1_0.500,75,33842,85,56071,51753,4,38241,56156,0,0,56128,38245,0,0,38245
temp_ubeta_1_0.667,75,42735,92,47171,56623,11,33364,47263,0,0,47095,33374,0,0,33360
temp_ubeta_1_0.800,75,47334,89,42575,59295,22,30681,42664,0,0,41924,30703,0,0,30619
temp_ubeta_1_1.000,75,52909,215,36874,62646,36,27316,37088,0,0,33055,27352,0,0,26719
temp_ubeta_1_1.250,75,45916,125,43957,54577,25,35396,44082,0,0,6957,35421,0,0,11688
temp_ubeta_1_1.500,75,64385,279,25334,69887,55,20056,25613,0,0,5068,20111,0,0,10879
temp_ubeta_1_2.000,75,77734,280,11984,79594,44,10360,12264,5,0,679,10404,1,0,5192
temp_lbeta_1_0.500,100,22296,6735,60967,45991,265,43742,67702,63,7144,42899,44007,7,251,42937
temp_lbeta_1_0.667,100,23463,9195,57340,46733,365,42900,66535,23,14227,34919,43265,0,656,41642
temp_lbeta_1_0.800,100,24737,8368,56893,47585,445,41968,65261,24,19166,31631,42397,1,978,40432
temp_lbeta_1_1.000,100,26502,6905,56591,48112,425,41461,63496,12,24802,28895,41886,2,1549,39524
temp_lbeta_1_1.250,100,28961,8596,52441,49436,542,40020,61037,1,28261,26015,40562,0,2124,37735
temp_lbeta_1_1.500,100,31952,6907,51139,51054,510,38434,58046,0,29436,23843,38944,0,2606,35781
temp_lbeta_1_2.000,100,40818,71,49109,55836,5,34157,49180,0,25306,21834,34162,0,1425,32577
temp_ubeta_1_0.500,100,35282,64,54652,52862,8,37128,54716,0,0,54714,37136,0,0,37136
temp_ubeta_1_0.667,100,46417,6,43575,59113,0,30885,43581,0,0,43570,30885,0,0,30885
temp_ubeta_1_0.800,100,51976,38,37984,62224,8,27766,38019,0,0,37926,27774,0,0,27770
temp_ubeta_1_1.000,100,57271,61,32666,65496,14,24488,32727,0,0,31745,24502,0,0,24354
temp_ubeta_1_1.250,100,63078,50,26870,69162,4,20832,26920,0,0,13048,20836,0,0,16011
temp_ubeta_1_1.500,100,66626,84,23288,71640,13,18345,23372,0,0,8331,18358,0,0,12878
temp_ubeta_1_2.000,100,80059,214,9725,81441,21,8536,9939,0,0,1018,8557,0,0,4539
temp_lbeta_1_0.500,125,21459,8909,59630,45780,328,43890,68539,57,8650,41869,44218,0,305,43061
temp_lbeta_1_0.667,125,23042,11375,55581,46496,518,42984,66955,13,15704,34935,43502,0,790,41852
temp_lbeta_1_0.800,125,23769,10030,56199,46635,468,42895,66229,5,20991,31525,43356,0,1046,41510
temp_lbeta_1_1.000,125,25760,8223,56015,47949,475,41574,64238,1,25881,28731,42049,1,1661,39604
temp_lbeta_1_1.250,125,29147,9324,51527,49681,605,39712,60851,0,28121,26357,40317,0,2158,37582
temp_lbeta_1_1.500,125,31906,7979,50113,51073,541,38384,58092,0,29758,23593,38925,0,2714,35670
temp_lbeta_1_2.000,125,41085,181,48732,56014,18,33966,48913,0,25068,21635,33984,0,1496,32291
temp_ubeta_1_0.500,125,35807,0,54191,53261,0,36737,54190,0,0,54191,36735,0,0,36737
temp_ubeta_1_0.667,125,47277,0,42721,59499,0,30499,42721,0,0,42716,30499,0,0,30499
temp_ubeta_1_0.800,125,54457,7,35534,63816,5,26177,35538,0,0,35517,26182,0,0,26179
temp_ubeta_1_1.000,125,60550,12,29436,67491,1,22506,29448,0,0,29143,22507,0,0,22481
temp_ubeta_1_1.250,125,65081,23,24894,70705,5,19288,24917,0,0,18121,19293,0,0,17839
temp_ubeta_1_1.500,125,68313,55,21630,72842,13,17143,21685,0,0,11468,17156,0,0,14380
temp_ubeta_1_2.000,125,81558,229,8211,82639,28,7331,8440,0,0,1303,7359,0,0,3989
temp_lbeta_1_0.500,150,19231,12028,58739,44667,393,44938,70767,25,11103,39141,45331,2,372,44134
temp_lbeta_1_0.667,150,21036,14582,54380,45695,553,43750,68962,20,18453,33404,44303,0,731,42655
temp_lbeta_1_0.800,150,23080,11048,55870,46380,470,43148,66918,2,22528,31275,43618,0,1149,41636
temp_lbeta_1_1.000,150,25666,8999,55333,47929,489,41580,64332,0,26251,28569,42069,1,1569,39760
temp_lbeta_1_1.250,150,29157,10204,50637,49696,636,39666,60841,0,28726,25672,40302,0,2187,37481
temp_lbeta_1_1.500,150,32027,8236,49735,50973,653,38372,57971,0,29507,23803,39025,0,2655,35811
temp_lbeta_1_2.000,150,40959,366,48673,56080,47,33871,49039,0,25156,21655,33918,0,1757,31951
temp_ubeta_1_0.500,150,35524,0,54474,52873,0,37125,54474,0,0,54473,37125,0,0,37125
temp_ubeta_1_0.667,150,46966,0,43032,59269,0,30729,43032,0,0,43022,30729,0,0,30728
temp_ubeta_1_0.800,150,55082,0,34916,64372,0,25626,34916,0,0,34895,25626,0,0,25626
temp_ubeta_1_1.000,150,63492,0,26506,69655,0,20343,26506,0,0,26381,20343,0,0,20325
temp_ubeta_1_1.250,150,66073,24,23901,71184,9,18805,23925,0,0,20454,18814,0,0,18118
temp_ubeta_1_1.500,150,70409,18,19571,74350,0,15648,19589,0,0,13471,15648,0,0,14430
temp_ubeta_1_2.000,150,82588,54,7356,83518,17,6463,7410,0,0,2130,6480,0,0,4291
temp_lbeta_1_0.500,175,17351,15216,57431,43752,468,45778,72646,57,14502,33894,46246,1,444,44917
temp_lbeta_1_0.667,175,18181,18032,53785,43869,627,45502,71817,12,23613,29940,46129,6,804,44513
temp_lbeta_1_0.800,175,20859,12697,56442,45556,525,43917,69139,3,25613,29515,44442,0,1068,42602
temp_lbeta_1_1.000,175,24329,10053,55616,47113,548,42337,65669,0,28229,27555,42885,0,1586,40590
temp_lbeta_1_1.250,175,28460,11370,50168,49268,732,39998,61538,0,29048,25891,40730,0,2168,37996
temp_lbeta_1_1.500,175,31781,9255,48962,50869,748,38381,58216,0,29782,23808,39128,0,2738,35825
temp_lbeta_1_2.000,175,40700,704,48594,55891,55,34052,49298,0,25481,21359,34107,0,1908,31994
temp_ubeta_1_0.500,175,36156,0,53842,53396,0,36602,53841,0,0,53842,36602,0,0,36602
temp_ubeta_1_0.667,175,47136,0,42862,59600,0,30398,42862,0,0,42858,30398,0,0,30398
temp_ubeta_1_0.800,175,54736,0,35262,64036,0,25962,35262,0,0,35235,25962,0,0,25958
temp_ubeta_1_1.000,175,64131,0,25867,69944,0,20054,25867,0,0,25781,20054,0,0,20047
temp_ubeta_1_1.250,175,68056,23,21919,72736,7,17255,21940,0,0,20198,17262,0,0,16972
temp_ubeta_1_1.500,175,71930,1,18067,75332,0,14666,18068,0,0,14563,14666,0,0,14091
temp_ubeta_1_2.000,175,83146,9,6843,84052,2,5944,6852,0,0,2566,5946,0,0,4579
temp_lbeta_1_0.500,200,12373,21329,56296,41096,513,48389,77625,67,22951,21409,48902,3,539,47400
temp_lbeta_1_0.667,200,15707,21501,52790,42881,674,46443,74291,15,28574,25323,47117,0,901,45410
temp_lbeta_1_0.800,200,16998,15222,57778,43515,517,45966,72999,1,32761,23878,46483,0,1189,44595
temp_lbeta_1_1.000,200,21135,11412,57451,45642,450,43906,68863,0,33489,24311,44356,0,1673,42032
temp_lbeta_1_1.250,200,27711,11911,50376,48806,777,40415,62287,0,30035,25857,41192,0,2178,38411
temp_lbeta_1_1.500,200,32001,9952,48045,51126,729,38143,57997,0,29400,23870,38872,0,2560,35774
temp_lbeta_1_2.000,200,40135,1024,48839,55696,112,34190,49863,0,25981,21349,34302,0,2093,31978
temp_ubeta_1_0.500,200,36001,0,53997,53238,0,36760,53996,0,0,53997,36760,0,0,36758
temp_ubeta_1_0.667,200,46757,0,43241,59089,0,30909,43241,0,0,43227,30909,0,0,30909
temp_ubeta_1_0.800,200,55473,0,34525,64524,0,25474,34525,0,0,34510,25474,0,0,25474
temp_ubeta_1_1.000,200,64905,0,25093,70627,0,19371,25093,0,0,25051,19371,0,0,19365
temp_ubeta_1_1.250,200,68787,2,21209,73007,0,16991,21211,0,0,20272,16991,0,0,16861
temp_ubeta_1_1.500,200,73752,0,16246,76628,0,13370,16246,0,0,14046,13370,0,0,13006
temp_ubeta_1_2.000,200,84007,4,5987,84744,2,5252,5991,0,0,2947,5254,0,0,4612
temp_lbeta_1_0.500,225,10720,23535,55743,40217,470,49311,79278,39,27877,16133,49781,0,565,48341
temp_lbeta_1_0.667,225,15835,21622,52541,43198,726,46074,74163,10,29135,25669,46800,0,870,45156
temp_lbeta_1_0.800,225,13650,18190,58158,41906,475,47617,76348,1,39922,17997,48092,0,1149,46329
temp_lbeta_1_1.000,225,17410,13584,59004,43695,503,45800,72588,1,40557,20309,46303,0,1566,44051
temp_lbeta_1_1.250,225,27333,12480,50185,48729,775,40494,62664,0,30967,25288,41269,0,2148,38576
temp_lbeta_1_1.500,225,32056,10020,47922,51114,726,38158,57942,0,29373,23735,38884,0,2658,35726
temp_lbeta_1_2.000,225,40347,1633,48018,55754,144,34100,49651,0,25983,20842,34244,0,2099,31847
temp_ubeta_1_0.500,225,36503,0,53495,53582,0,36416,53495,0,0,53494,36416,0,0,36416
temp_ubeta_1_0.667,225,47483,0,42515,59863,0,30135,42515,0,0,42508,30135,0,0,30135
temp_ubeta_1_0.800,225,55579,0,34419,64556,0,25442,34418,0,0,34411,25442,0,0,25442
temp_ubeta_1_1.000,225,65878,0,24120,71236,0,18762,24120,0,0,24059,18762,0,0,18757
temp_ubeta_1_1.250,225,70346,0,19652,74169,0,15829,19652,0,0,19191,15829,0,0,15743
temp_ubeta_1_1.500,225,75600,0,14398,77984,0,12014,14398,0,0,13325,12014,0,0,11828
temp_ubeta_1_2.000,225,85261,0,4737,85737,0,4261,4737,0,0,2934,4261,0,0,3953
temp_lbeta_1_0.500,250,10583,23625,55790,40318,450,49230,79415,58,29794,15335,49680,0,559,48288
temp_lbeta_1_0.667,250,12209,25443,52346,40958,630,48410,77789,6,36716,17392,49039,0,799,47425
temp_lbeta_1_0.800,250,12382,19188,58428,41105,541,48352,77616,6,43972,15181,48893,0,1037,47202
temp_lbeta_1_1.000,250,15025,14404,60569,42257,438,47303,74973,0,46555,16287,47741,0,1516,45695
temp_lbeta_1_1.250,250,24705,14181,51112,47305,752,41941,65293,0,34782,23267,42693,0,2108,40090
temp_lbeta_1_1.500,250,31629,9922,48447,50887,740,38371,58369,0,29985,23557,39111,0,2553,35986
temp_lbeta_1_2.000,250,40225,2627,47146,55427,263,34308,49772,0,26274,20764,34571,0,2335,31930
temp_ubeta_1_0.500,250,36095,0,53903,53478,0,36520,53903,0,0,53903,36520,0,0,36520
temp_ubeta_1_0.667,250,47201,0,42797,59556,0,30442,42797,0,0,42786,30442,0,0,30442
temp_ubeta_1_0.800,250,56021,0,33977,65028,0,24970,33977,0,0,33960,24969,0,0,24969
temp_ubeta_1_1.000,250,66068,0,23930,71374,0,18624,23930,0,0,23900,18624,0,0,18619
temp_ubeta_1_1.250,250,72339,0,17659,75586,0,14412,17658,0,0,17417,14412,0,0,14376
temp_ubeta_1_1.500,250,76915,0,13083,79034,0,10964,13083,0,0,12489,10964,0,0,10886
temp_ubeta_1_2.000,250,86012,0,3986,86427,0,3571,3986,0,0,2797,3571,0,0,3432
temp_lbeta_1_0.500,275,10507,23492,55999,40172,454,49372,79491,57,31180,15083,49826,0,570,48444
temp_lbeta_1_0.667,275,11165,25713,53120,40444,571,48983,78833,5,40172,15426,49554,0,885,47943
temp_lbeta_1_0.800,275,12038,19626,58334,40616,440,48942,77960,1,45193,14854,49382,0,1134,47686
temp_lbeta_1_1.000,275,14049,14817,61132,42112,405,47481,75949,0,49398,14639,47886,0,1395,46024
temp_lbeta_1_1.250,275,25116,13116,51766,47175,621,42202,64881,0,33957,24318,42823,0,1921,40370
temp_lbeta_1_1.500,275,30964,9974,49060,50536,792,38670,59034,0,30658,23581,39462,0,2609,36371
temp_lbeta_1_2.000,275,39290,3430,47278,55047,347,34604,50708,0,27529,20294,34951,0,2680,31944
temp_ubeta_1_0.500,275,36428,0,53570,53490,0,36508,53570,0,0,53564,36508,0,0,36508
temp_ubeta_1_0.667,275,47514,0,42484,59652,0,30346,42484,0,0,42478,30346,0,0,30346
temp_ubeta_1_0.800,275,55973,0,34025,64928,0,25070,34025,0,0,33994,25070,0,0,25068
temp_ubeta_1_1.000,275,66164,0,23834,71470,0,18528,23834,0,0,23807,18528,0,0,18520
temp_ubeta_1_1.250,275,73620,0,16378,76678,0,13320,16378,0,0,16243,13320,0,0,13287
temp_ubeta_1_1.500,275,78426,0,11572,80183,0,9815,11572,0,0,11288,9815,0,0,9768
temp_ubeta_1_2.000,275,86737,0,3261,87070,0,2928,3261,0,0,2529,2928,0,0,2798
temp_lbeta_1_0.500,300,10441,22267,57290,40360,422,49216,79556,38,31694,15361,49638,0,505,48341
temp_lbeta_1_0.667,300,11370,25624,53004,40496,549,48953,78628,11,40460,14858,49502,0,881,47978
temp_lbeta_1_0.800,300,12124,19223,58651,40976,496,48526,77874,0,45327,14823,49022,0,1079,47400
temp_lbeta_1_1.000,300,14122,14948,60928,41998,359,47641,75875,0,50034,14252,48000,0,1318,46250
temp_lbeta_1_1.250,300,23125,14617,52256,46552,704,42742,66873,0,37503,21911,43446,0,1988,40895
temp_lbeta_1_1.500,300,30695,9402,49901,50554,753,38691,59303,0,31670,23242,39444,0,2592,36314
temp_lbeta_1_2.000,300,38890,3945,47163,54920,426,34652,51108,0,28073,20021,35078,0,2760,31952
temp_ubeta_1_0.500,300,35971,0,54027,53143,0,36855,54026,0,0,54023,36855,0,0,36855
temp_ubeta_1_0.667,300,47156,0,42842,59488,0,30510,42842,0,0,42833,30510,0,0,30510
temp_ubeta_1_0.800,300,55504,0,34494,64543,0,25455,34494,0,0,34494,25455,0,0,25455
temp_ubeta_1_1.000,300,66383,0,23615,71613,0,18385,23615,0,0,23597,18385,0,0,18385
temp_ubeta_1_1.250,300,74911,0,15087,77562,0,12436,15087,0,0,15041,12436,0,0,12428
temp_ubeta_1_1.500,300,79469,0,10529,81007,0,8991,10529,0,0,10325,8991,0,0,8976
temp_ubeta_1_2.000,300,87757,0,2241,87954,0,2044,2241,0,0,1824,2044,0,0,2022
temp_lbeta_1_0.500,325,10654,22711,56633,40248,495,49255,79344,48,32477,15131,49750,0,656,48154
temp_lbeta_1_0.667,325,11445,24847,53706,40854,548,48596,78553,6,40722,15065,49144,0,825,47667
temp_lbeta_1_0.800,325,11959,19344,58695,40847,463,48688,78039,0,46391,14775,49151,0,1111,47478
temp_lbeta_1_1.000,325,13874,15325,60799,41932,441,47625,76124,0,49930,14629,48066,0,1491,46115
temp_lbeta_1_1.250,325,20278,16018,53702,44909,677,44412,69720,0,43043,19092,45089,0,2101,42546
temp_lbeta_1_1.500,325,29952,9169,50877,49923,681,39394,60046,0,32531,22864,40075,0,2599,37028
temp_lbeta_1_2.000,325,38832,4783,46383,54708,470,34820,51166,0,27651,20398,35290,0,2877,32018
temp_ubeta_1_0.500,325,36111,0,53887,53224,0,36774,53886,0,0,53884,36774,0,0,36774
temp_ubeta_1_0.667,325,47458,0,42540,59730,0,30268,42540,0,0,42539,30268,0,0,30268
temp_ubeta_1_0.800,325,55375,0,34623,64404,0,25594,34623,0,0,34614,25594,0,0,25594
temp_ubeta_1_1.000,325,66195,0,23803,71431,0,18567,23803,0,0,23786,18567,0,0,18567
temp_ubeta_1_1.250,325,76006,0,13992,78402,0,11596,13992,0,0,13964,11596,0,0,11596
temp_ubeta_1_1.500,325,80624,0,9374,81942,0,8056,9374,0,0,9283,8056,0,0,8037
temp_ubeta_1_2.000,325,88297,0,1701,88447,0,1551,1701,0,0,1485,1551,0,0,1534
temp_lbeta_1_0.500,350,10459,22566,56973,40146,466,49386,79539,32,33055,15269,49852,0,664,48374
temp_lbeta_1_0.667,350,11005,24214,54779,40226,461,49311,78993,5,41986,14864,49772,0,784,48339
temp_lbeta_1_0.800,350,12057,19378,58563,40982,420,48596,77941,4,46220,14774,49016,0,1008,47418
temp_lbeta_1_1.000,350,13885,15097,61016,42025,366,47607,76113,0,50383,14344,47973,0,1294,46262
temp_lbeta_1_1.250,350,18492,17142,54364,44202,616,45180,71506,0,47498,16657,45796,0,1895,43541
temp_lbeta_1_1.500,350,28079,9599,52320,49056,607,40335,61919,0,35506,21287,40942,0,2560,37912
temp_lbeta_1_2.000,350,38466,5199,46333,54598,467,34933,51532,0,28572,19928,35400,0,3129,31861
temp_ubeta_1_0.500,350,36078,0,53920,53301,0,36697,53919,0,0,53920,36694,0,0,36697
temp_ubeta_1_0.667,350,47265,0,42733,59467,0,30531,42733,0,0,42724,30531,0,0,30528
temp_ubeta_1_0.800,350,55968,0,34030,64703,0,25295,34030,0,0,34021,25295,0,0,25293
temp_ubeta_1_1.000,350,66219,0,23779,71515,0,18483,23779,0,0,23758,18483,0,0,18480
temp_ubeta_1_1.250,350,76950,0,13048,79189,0,10809,13048,0,0,13021,10809,0,0,10806
temp_ubeta_1_1.500,350,81751,0,8247,82879,0,7119,8247,0,0,8181,7119,0,0,7114
temp_ubeta_1_2.000,350,88740,0,1258,88829,0,1169,1258,0,0,1194,1169,0,0,1164
temp_lbeta_1_0.500,375,10442,22590,56966,40215,396,49387,79555,20,33372,15226,49783,0,614,48329
temp_lbeta_1_0.667,375,11346,23437,55215,40645,499,48854,78652,2,42050,14991,49353,0,898,47818
temp_lbeta_1_0.800,375,12340,17829,59829,41018,390,48590,77658,1,45862,14660,48980,0,1045,47394
temp_lbeta_1_1.000,375,13811,14150,62037,41625,371,48002,76187,1,50425,14390,48373,0,1396,46516
temp_lbeta_1_1.250,375,17409,17069,55520,43670,554,45774,72589,0,50603,14952,46328,0,1962,44055
temp_lbeta_1_1.500,375,25807,9784,54407,47864,565,41569,64191,0,39016,20076,42134,0,2595,39060
temp_lbeta_1_2.000,375,38391,5421,46186,54386,432,35180,51607,0,28801,19802,35612,0,3194,31960
temp_ubeta_1_0.500,375,36030,0,53968,53307,0,36691,53968,0,0,53965,36691,0,0,36691
temp_ubeta_1_0.667,375,47342,0,42656,59461,0,30537,42656,0,0,42655,30537,0,0,30537
temp_ubeta_1_0.800,375,55537,0,34461,64462,0,25536,34460,0,0,34440,25536,0,0,25534
temp_ubeta_1_1.000,375,66184,0,23814,71378,0,18620,23814,0,0,23776,18620,0,0,18608
temp_ubeta_1_1.250,375,77194,0,12804,79277,0,10721,12804,0,0,12765,10721,0,0,10720
temp_ubeta_1_1.500,375,82392,0,7606,83378,0,6620,7606,0,0,7534,6620,0,0,6620
temp_ubeta_1_2.000,375,89141,0,857,89202,0,796,857,0,0,840,796,0,0,796
temp_lbeta_1_0.500,400,10606,22005,57387,40147,507,49344,79392,49,33209,15206,49851,1,682,48304
temp_lbeta_1_0.667,400,11428,22530,56040,40691,543,48764,78570,20,42079,14988,49307,0,952,47709
temp_lbeta_1_0.800,400,12067,18002,59929,41016,390,48592,77931,2,46696,14902,48982,0,1017,47477
temp_lbeta_1_1.000,400,13804,13912,62282,41830,353,47815,76194,0,50574,14506,48168,0,1394,46302
temp_lbeta_1_1.250,400,16657,16819,56522,43156,482,46360,73340,0,52291,14047,46842,0,1730,44739
temp_lbeta_1_1.500,400,24103,10072,55823,46820,552,42626,65895,0,41960,18580,43178,0,2500,40242
temp_lbeta_1_2.000,400,37757,5666,46575,54185,485,35328,52241,0,29569,19331,35810,0,3247,32074
temp_ubeta_1_0.500,400,35975,0,54023,53342,0,36656,54023,0,0,54023,36656,0,0,36656
temp_ubeta_1_0.667,400,47719,0,42279,59847,0,30151,42279,0,0,42273,30149,0,0,30145
temp_ubeta_1_0.800,400,55667,0,34331,64603,0,25395,34331,0,0,34316,25395,0,0,25390
temp_ubeta_1_1.000,400,66285,0,23713,71577,0,18421,23713,0,0,23689,18421,0,0,18421
temp_ubeta_1_1.250,400,77411,0,12587,79558,0,10440,12587,0,0,12556,10440,0,0,10440
temp_ubeta_1_1.500,400,83641,0,6357,84429,0,5569,6357,0,0,6291,5569,0,0,5569
temp_ubeta_1_2.000,400,89432,0,566,89472,0,526,566,0,0,566,526,0,0,526
temp_lbeta_1_0.500,425,10452,21347,58199,40341,479,49178,79546,40,33289,15132,49657,0,686,48220
temp_lbeta_1_0.667,425,11545,22601,55852,40920,497,48581,78453,17,42288,14892,49078,0,912,47553
temp_lbeta_1_0.800,425,12110,17939,59949,40774,432,48792,77888,0,46154,14705,49223,0,1183,47475
temp_lbeta_1_1.000,425,13869,14418,61711,41898,430,47670,76129,0,50638,14341,48100,0,1411,46269
temp_lbeta_1_1.250,425,16538,16509,56951,43230,575,46193,73460,0,52525,13885,46768,0,1872,44478
temp_lbeta_1_1.500,425,22910,10376,56712,46570,570,42858,67087,0,45074,17007,43428,0,2492,40546
temp_lbeta_1_2.000,425,37311,5134,47553,54035,532,35431,52687,0,29789,19566,35963,0,3331,32139
temp_ubeta_1_0.500,425,35766,0,54232,53167,0,36831,54232,0,0,54232,36831,0,0,36831
temp_ubeta_1_0.667,425,47660,0,42338,59762,0,30236,42338,0,0,42333,30236,0,0,30235
temp_ubeta_1_0.800,425,55221,0,34777,64155,0,25843,34777,0,0,34760,25843,0,0,25843
temp_ubeta_1_1.000,425,66259,0,23739,71623,0,18375,23739,0,0,23705,18375,0,0,18372
temp_ubeta_1_1.250,425,77896,0,12102,79875,0,10123,12102,0,0,12092,10123,0,0,10123
temp_ubeta_1_1.500,425,84388,0,5610,85028,0,4970,5610,0,0,5588,4970,0,0,4970
temp_ubeta_1_2.000,425,89653,0,345,89678,0,320,345,0,0,344,320,0,0,320
temp_lbeta_1_0.500,450,10258,21258,58482,40061,380,49557,79740,48,34083,15238,49937,4,624,48557
temp_lbeta_1_0.667,450,11363,23457,55178,40430,444,49124,78635,6,42986,14749,49568,1,878,48097
temp_lbeta_1_0.800,450,12354,17353,60291,41119,361,48518,77644,1,46027,14732,48879,0,1086,47219
temp_lbeta_1_1.000,450,14011,14031,61956,42110,448,47440,75987,0,50258,14574,47888,0,1540,45919
temp_lbeta_1_1.250,450,16566,16901,56531,43036,578,46384,73432,0,52597,13707,46962,0,1756,44869
temp_lbeta_1_1.500,450,21737,10609,57652,45714,502,43782,68261,0,47331,15515,44284,0,2427,41467
temp_lbeta_1_2.000,450,37249,5063,47686,53784,482,35732,52747,0,29810,19436,36214,0,3447,32247
temp_ubeta_1_0.500,450,35806,0,54192,53080,0,36918,54192,0,0,54189,36918,0,0,36918
temp_ubeta_1_0.667,450,47654,0,42344,59801,0,30197,42343,0,0,42338,30197,0,0,30197
temp_ubeta_1_0.800,450,55902,0,34096,64920,0,25078,34096,0,0,34085,25078,0,0,25073
temp_ubeta_1_1.000,450,66452,0,23546,71713,0,18285,23546,0,0,23528,18285,0,0,18285
temp_ubeta_1_1.250,450,77511,0,12487,79494,0,10504,12487,0,0,12487,10504,0,0,10504
temp_ubeta_1_1.500,450,85108,0,4890,85658,0,4340,4890,0,0,4875,4340,0,0,4340
temp_ubeta_1_2.000,450,89805,0,193,89820,0,178,193,0,0,193,178,0,0,178
temp_lbeta_1_0.500,475,10358,20183,59457,40185,435,49378,79640,34,33018,15221,49813,3,628,48322
temp_lbeta_1_0.667,475,11015,22408,56575,40494,465,49039,78983,2,42996,15058,49504,0,837,48045
temp_lbeta_1_0.800,475,12269,17836,59893,41078,359,48561,77727,0,46581,14642,48920,0,1051,47344
temp_lbeta_1_1.000,475,13678,13676,62644,41758,339,47901,76318,0,51054,14468,48240,0,1500,46298
temp_lbeta_1_1.250,475,16182,17746,56070,42784,613,46601,73815,0,53093,13719,47214,0,1895,44967
temp_lbeta_1_1.500,475,20880,10927,58191,45394,465,44139,69118,0,49313,14497,44604,0,2465,41812
temp_lbeta_1_2.000,475,36443,4974,48581,53491,440,36067,53555,0,31180,19015,36507,0,3268,32688
temp_ubeta_1_0.500,475,35869,0,54129,53016,0,36982,54129,0,0,54129,36982,0,0,36982
temp_ubeta_1_0.667,475,46923,0,43075,59224,0,30774,43075,0,0,43066,30768,0,0,30770
temp_ubeta_1_0.800,475,55348,0,34650,64359,0,25639,34650,0,0,34639,25639,0,0,25639
temp_ubeta_1_1.000,475,66356,0,23642,71604,0,18394,23642,0,0,23625,18394,0,0,18394
temp_ubeta_1_1.250,475,78144,0,11854,80031,0,9967,11854,0,0,11838,9967,0,0,9965
temp_ubeta_1_1.500,475,85679,0,4319,86209,0,3789,4319,0,0,4313,3789,0,0,3789
temp_ubeta_1_2.000,475,89815,0,183,89828,0,170,183,0,0,183,170,0,0,170
temp_lbeta_1_0.500,500,10590,20762,58646,40151,426,49421,79407,14,33083,15193,49847,0,666,48300
temp_lbeta_1_0.667,500,11150,21350,57498,40443,470,49085,78848,6,42456,15096,49555,0,910,48045
temp_lbeta_1_0.800,500,12135,17213,60650,41166,424,48408,77861,0,46533,14759,48832,0,1181,47114
temp_lbeta_1_1.000,500,13765,13101,63132,41786,351,47861,76232,0,51356,14418,48212,0,1391,46453
temp_lbeta_1_1.250,500,16490,17588,55920,43080,606,46312,73508,0,52724,13567,46918,0,1889,44677
temp_lbeta_1_1.500,500,20058,10622,59318,44810,419,44769,69940,0,50837,13951,45188,0,2330,42535
temp_lbeta_1_2.000,500,36439,4789,48770,53420,454,36124,53559,0,30952,19261,36578,0,3419,32682
temp_ubeta_1_0.500,500,36045,0,53953,53366,0,36632,53952,0,0,53953,36632,0,0,36632
temp_ubeta_1_0.667,500,47343,0,42655,59459,0,30539,42655,0,0,42644,30539,0,0,30538
temp_ubeta_1_0.800,500,55591,0,34407,64516,0,25482,34407,0,0,34381,25482,0,0,25476
temp_ubeta_1_1.000,500,66196,0,23802,71536,0,18462,23802,0,0,23762,18462,0,0,18456
temp_ubeta_1_1.250,500,78555,0,11443,80413,0,9585,11443,0,0,11407,9585,0,0,9585
temp_ubeta_1_1.500,500,86028,0,3970,86485,0,3513,3970,0,0,3970,3513,0,0,3513
temp_ubeta_1_2.000,500,89890,0,108,89893,0,105,108,0,0,108,105,0,0,105
temp_lbeta_1_0.500,525,10377,20280,59341,40166,467,49365,79621,36,33520,15225,49832,0,611,48467
temp_lbeta_1_0.667,525,11426,20358,58214,40729,355,48914,78572,5,41948,14976,49269,0,948,47693
temp_lbeta_1_0.800,525,12089,16998,60911,40872,340,48786,77909,5,46311,14811,49126,0,1025,47583
temp_lbeta_1_1.000,525,13770,13246,62982,41794,369,47835,76227,0,50938,14485,48204,0,1444,46340
temp_lbeta_1_1.250,525,16577,17494,55927,43333,557,46108,73421,0,52499,13808,46665,0,1809,44504
temp_lbeta_1_1.500,525,19683,10381,59934,44687,480,44831,70314,0,51743,13571,45311,0,2254,42728
temp_lbeta_1_2.000,525,36596,4456,48946,53542,426,36030,53402,0,31107,19015,36453,0,3432,32558
temp_ubeta_1_0.500,525,36160,0,53838,53241,0,36757,53836,0,0,53838,36757,0,0,36751
temp_ubeta_1_0.667,525,47366,0,42632,59507,0,30491,42632,0,0,42627,30491,0,0,30491
temp_ubeta_1_0.800,525,55077,0,34921,64395,0,25603,34921,0,0,34906,25603,0,0,25600
temp_ubeta_1_1.000,525,66579,0,23419,71817,0,18181,23419,0,0,23390,18178,0,0,18176
temp_ubeta_1_1.250,525,78057,0,11941,80057,0,9941,11941,0,0,11926,9941,0,0,9941
temp_ubeta_1_1.500,525,86787,0,3211,87138,0,2860,3211,0,0,3211,2860,0,0,2860
temp_ubeta_1_2.000,525,89953,0,45,89954,0,44,45,0,0,45,44,0,0,44
temp_lbeta_1_0.500,550,10534,20392,59072,40249,382,49367,79464,46,33681,15114,49747,0,613,48437
temp_lbeta_1_0.667,550,11362,19853,58783,40589,432,48977,78636,4,41715,14966,49409,0,921,47921
temp_lbeta_1_0.800,550,12062,15998,61938,41085,362,48551,77936,0,47518,14889,48913,0,1096,47252
temp_lbeta_1_1.000,550,13746,12876,63376,41744,344,47910,76252,0,51081,14299,48254,0,1398,46455
temp_lbeta_1_1.250,550,16606,18543,54849,43197,623,46178,73392,0,52513,13697,46801,0,1854,44660
temp_lbeta_1_1.500,550,19516,9886,60596,44609,415,44974,70482,0,52140,13397,45389,0,2457,42583
temp_lbeta_1_2.000,550,36018,4352,49628,53320,409,36269,53980,0,31764,18999,36678,0,3482,32718
temp_ubeta_1_0.500,550,36066,0,53932,53350,0,36648,53930,0,0,53932,36648,0,0,36648
temp_ubeta_1_0.667,550,47704,0,42294,59861,0,30137,42294,0,0,42291,30137,0,0,30137
temp_ubeta_1_0.800,550,55383,0,34615,64447,0,25551,34615,0,0,34598,25551,0,0,25551
temp_ubeta_1_1.000,550,66457,0,23541,71616,0,18382,23541,0,0,23516,18382,0,0,18356
temp_ubeta_1_1.250,550,77680,0,12318,79678,0,10320,12318,0,0,12293,10320,0,0,10319
temp_ubeta_1_1.500,550,87491,0,2507,87738,0,2260,2507,0,0,2507,2260,0,0,2260
temp_ubeta_1_2.000,550,89980,0,18,89980,0,18,18,0,0,18,18,0,0,18
temp_lbeta_1_0.500,575,10559,18410,61029,40499,412,49087,79439,41,34405,15196,49499,1,682,47936
temp_lbeta_1_0.667,575,11336,20561,58101,40652,472,48874,78662,0,42004,15044,49346,0,962,47778
temp_lbeta_1_0.800,575,11909,14887,63202,40737,385,48876,78089,1,46795,14800,49261,0,1010,47763
temp_lbeta_1_1.000,575,13992,12653,63353,41849,337,47812,76006,0,50573,14252,48149,0,1346,46347
temp_lbeta_1_1.250,575,16493,17585,55920,43048,549,46401,73504,0,52569,13748,46950,0,1742,44878
temp_lbeta_1_1.500,575,19667,8829,61502,44766,363,44869,70331,0,51921,13286,45232,0,2269,42638
temp_lbeta_1_2.000,575,35719,4455,49824,53042,455,36501,54279,0,31923,18862,36956,0,3594,32835
temp_ubeta_1_0.500,575,35936,0,54062,53178,0,36820,54062,0,0,54057,36820,0,0,36820
temp_ubeta_1_0.667,575,47476,0,42522,59775,0,30223,42522,0,0,42515,30223,0,0,30223
temp_ubeta_1_0.800,575,55217,0,34781,64325,0,25673,34781,0,0,34763,25673,0,0,25669
temp_ubeta_1_1.000,575,66134,0,23864,71409,0,18589,23864,0,0,23848,18589,0,0,18576
temp_ubeta_1_1.250,575,77441,0,12557,79457,0,10541,12557,0,0,12529,10541,0,0,10539
temp_ubeta_1_1.500,575,88122,0,1876,88306,0,1692,1876,0,0,1876,1692,0,0,1692
temp_ubeta_1_2.000,575,89998,0,0,89998,0,0,0,0,0,0,0,0,0,0
temp_lbeta_1_0.500,600,10578,18470,60950,40127,325,49546,79419,15,33613,15048,49871,0,660,48409
temp_lbeta_1_0.667,600,11337,20383,58278,40499,371,49128,78661,1,42048,14900,49499,0,959,47922
temp_lbeta_1_0.800,600,12397,13930,63671,41239,338,48421,77601,0,46286,14900,48759,0,1029,47172
temp_lbeta_1_1.000,600,13928,12636,63434,41982,314,47702,76070,0,50634,14427,48014,0,1410,46179
temp_lbeta_1_1.250,600,16506,17068,56424,43003,524,46471,73491,0,53126,13752,46995,0,1831,44875
temp_lbeta_1_1.500,600,19651,9458,60889,44605,313,45080,70347,0,52379,13143,45393,0,2076,43002
temp_lbeta_1_2.000,600,35318,4273,50407,52848,387,36763,54679,0,33008,18485,37150,0,3388,33301
temp_ubeta_1_0.500,600,35806,0,54192,53250,0,36748,54192,0,0,54190,36748,0,0,36748
temp_ubeta_1_0.667,600,47555,0,42443,59619,0,30379,42443,0,0,42441,30379,0,0,30378
temp_ubeta_1_0.800,600,55472,0,34526,64558,0,25440,34526,0,0,34501,25440,0,0,25440
temp_ubeta_1_1.000,600,66484,0,23514,71665,0,18333,23514,0,0,23494,18333,0,0,18326
temp_ubeta_1_1.250,600,77923,0,12075,79815,0,10183,12075,0,0,12059,10183,0,0,10183
temp_ubeta_1_1.500,600,88312,0,1686,88478,0,1520,1686,0,0,1686,1520,0,0,1520
temp_ubeta_1_2.000,600,89998,0,0,89998,0,0,0,0,0,0,0,0,0,0
temp_lbeta_1_0.500,625,10552,17003,62443,40316,366,49316,79446,27,33739,15424,49682,2,662,48205
temp_lbeta_1_0.667,625,11321,19946,58731,40591,397,49010,78677,11,42833,14934,49407,0,882,47929
temp_lbeta_1_0.800,625,12309,14244,63445,41003,302,48693,77689,0,46145,14578,48995,0,1002,47452
temp_lbeta_1_1.000,625,14004,11667,64327,41986,309,47703,75993,0,50222,14468,48012,0,1399,46175
temp_lbeta_1_1.250,625,16508,16483,57007,43028,510,46460,73490,0,52808,13697,46970,0,1766,44887
temp_lbeta_1_1.500,625,19891,9313,60794,44994,358,44646,70107,0,51897,13459,45004,0,2419,42304
temp_lbeta_1_2.000,625,34580,3939,51479,52322,332,37344,55418,0,33394,18810,37676,0,3469,33765
temp_ubeta_1_0.500,625,35876,0,54122,53041,0,36957,54122,0,0,54118,36955,0,0,36957
temp_ubeta_1_0.667,625,47071,0,42927,59322,0,30676,42927,0,0,42921,30676,0,0,30676
temp_ubeta_1_0.800,625,55348,0,34650,64406,0,25592,34650,0,0,34625,25592,0,0,25589
temp_ubeta_1_1.000,625,66566,0,23432,71646,0,18352,23432,0,0,23419,18352,0,0,18350
temp_ubeta_1_1.250,625,78189,0,11809,80121,0,9877,11809,0,0,11800,9877,0,0,9872
temp_ubeta_1_1.500,625,88611,0,1387,88735,0,1263,1387,0,0,1387,1263,0,0,1263
temp_ubeta_1_2.000,625,89998,0,0,89998,0,0,0,0,0,0,0,0,0,0
temp_lbeta_1_0.500,650,10188,16369,63441,40016,324,49658,79810,42,34591,15133,49982,0,677,48560
temp_lbeta_1_0.667,650,11087,19352,59559,40283,424,49291,78910,11,42555,15013,49715,0,921,48110
temp_lbeta_1_0.800,650,11951,15035,63012,40901,344,48753,78047,2,46492,14778,49097,0,1020,47570
temp_lbeta_1_1.000,650,14068,11618,64312,41862,310,47826,75930,0,50326,14374,48136,0,1409,46315
temp_lbeta_1_1.250,650,16581,16139,57278,43131,491,46376,73417,0,52241,13760,46867,0,1802,44752
temp_lbeta_1_1.500,650,19493,9081,61424,44609,321,45068,70504,0,52418,13121,45389,0,2255,42899
temp_lbeta_1_2.000,650,34689,3808,51501,52476,369,37153,55308,0,33771,18442,37522,0,3373,33699
temp_ubeta_1_0.500,650,35881,0,54117,53129,0,36869,54116,0,0,54116,36867,0,0,36869
temp_ubeta_1_0.667,650,47671,0,42327,59866,0,30132,42327,0,0,42315,30129,0,0,30132
temp_ubeta_1_0.800,650,55597,0,34401,64510,0,25488,34401,0,0,34386,25488,0,0,25488
temp_ubeta_1_1.000,650,66640,0,23358,71731,0,18267,23358,0,0,23330,18267,0,0,18267
temp_ubeta_1_1.250,650,78499,0,11499,80352,0,9646,11499,0,0,11492,9646,0,0,9644
temp_ubeta_1_1.500,650,89136,0,862,89186,0,812,862,0,0,862,812,0,0,812
temp_ubeta_1_2.000,650,89998,0,0,89998,0,0,0,0,0,0,0,0,0,0
temp_lbeta_1_0.500,675,10329,16726,62943,40020,316,49662,79669,24,34588,15188,49978,0,629,48563
temp_lbeta_1_0.667,675,11218,19479,59301,40447,413,49138,78779,3,43018,14762,49551,0,901,48054
temp_lbeta_1_0.800,675,12217,14756,63025,41131,323,48544,77781,0,46036,14954,48867,0,1118,47162
temp_lbeta_1_1.000,675,13778,12022,64198,41847,290,47861,76220,0,50629,14319,48151,0,1357,46366
temp_lbeta_1_1.250,675,16433,16314,57251,43033,554,46411,73564,0,52986,13747,46965,0,1865,44721
temp_lbeta_1_1.500,675,19778,8619,61601,44708,339,44951,70220,0,52300,13068,45290,0,2391,42612
temp_lbeta_1_2.000,675,35054,3720,51224,52751,320,36927,54943,0,33648,18054,37245,0,3434,33343
temp_ubeta_1_0.500,675,36284,0,53714,53389,0,36609,53714,0,0,53714,36607,0,0,36609
temp_ubeta_1_0.667,675,47385,0,42613,59677,0,30321,42613,0,0,42605,30321,0,0,30321
temp_ubeta_1_0.800,675,55668,0,34330,64743,0,25255,34330,0,0,34312,25255,0,0,25255
temp_ubeta_1_1.000,675,66577,0,23421,71701,0,18297,23421,0,0,23407,18297,0,0,18294
temp_ubeta_1_1.250,675,78439,0,11559,80264,0,9734,11559,0,0,11534,9734,0,0,9734
temp_ubeta_1_1.500,675,89327,0,671,89394,0,604,671,0,0,671,604,0,0,604
temp_ubeta_1_2.000,675,89998,0,0,89998,0,0,0,0,0,0,0,0,0,0
temp_lbeta_1_0.500,700,10467,16431,63100,40335,339,49324,79531,25,34389,15246,49663,1,664,48239
temp_lbeta_1_0.667,700,11340,18764,59894,40798,421,48779,78658,0,42108,15141,49200,0,857,47692
temp_lbeta_1_0.800,700,12080,14861,63057,40882,340,48776,77918,2,46777,14782,49116,0,1104,47561
temp_lbeta_1_1.000,700,13845,12307,63846,41869,323,47806,76153,0,50960,14278,48129,0,1426,46261
temp_lbeta_1_1.250,700,16612,16357,57029,43277,574,46147,73386,0,52822,13623,46721,0,1875,44519
temp_lbeta_1_1.500,700,19429,8696,61873,44678,338,44982,70568,0,52332,13359,45320,0,2253,42785
temp_lbeta_1_2.000,700,34456,4191,51351,52338,317,37343,55542,0,33925,18031,37660,0,3421,33819
temp_ubeta_1_0.500,700,35955,0,54043,53072,0,36926,54043,0,0,54040,36926,0,0,36926
temp_ubeta_1_0.667,700,47408,0,42590,59786,0,30212,42590,0,0,42587,30212,0,0,30212
temp_ubeta_1_0.800,700,55981,0,34017,64829,0,25169,34017,0,0,34001,25169,0,0,25169
temp_ubeta_1_1.000,700,66253,0,23745,71471,0,18527,23745,0,0,23721,18527,0,0,18524
temp_ubeta_1_1.250,700,78358,0,11640,80232,0,9766,11640,0,0,11637,9766,0,0,9766
temp_ubeta_1_1.500,700,89444,0,554,89494,0,504,554,0,0,554,504,0,0,504
temp_ubeta_1_2.000,700,89998,0,0,89998,0,0,0,0,0,0,0,0,0,0
temp_lbeta_1_0.500,725,10356,16342,63300,40155,334,49509,79642,16,34807,15181,49843,0,589,48484
temp_lbeta_1_0.667,725,11231,18325,60442,40680,381,48937,78767,6,42776,15079,49318,0,885,47804
temp_lbeta_1_0.800,725,12163,14586,63249,41115,385,48498,77834,1,46648,14766,48883,0,1071,47246
temp_lbeta_1_1.000,725,13972,12358,63668,41871,333,47794,76026,0,50773,14412,48127,0,1365,46329
temp_lbeta_1_1.250,725,16847,15961,57190,43230,514,46254,73149,0,52595,13584,46768,0,1817,44671
temp_lbeta_1_1.500,725,19605,7701,62692,44519,354,45125,70393,0,52251,13006,45479,0,2306,42823
temp_lbeta_1_2.000,725,34070,3389,52539,52200,262,37536,55928,0,34283,18308,37798,0,3467,33856
temp_ubeta_1_0.500,725,36520,0,53478,53779,0,36219,53478,0,0,53472,36219,0,0,36219
temp_ubeta_1_0.667,725,47407,0,42591,59649,0,30349,42591,0,0,42586,30349,0,0,30347
temp_ubeta_1_0.800,725,55998,0,34000,64775,0,25223,34000,0,0,33987,25223,0,0,25223
temp_ubeta_1_1.000,725,66226,0,23772,71450,0,18548,23772,0,0,23734,18548,0,0,18543
temp_ubeta_1_1.250,725,78553,0,11445,80282,0,9716,11445,0,0,11430,9716,0,0,9716
temp_ubeta_1_1.500,725,89450,0,548,89506,0,492,548,0,0,548,492,0,0,492
temp_ubeta_1_2.000,725,89998,0,0,89998,0,0,0,0,0,0,0,0,0,0
temp_lbeta_1_0.500,750,10452,16141,63405,40114,285,49599,79546,38,34348,15128,49884,0,576,48524
temp_lbeta_1_0.667,750,11201,16868,61929,40535,334,49129,78797,0,44108,14905,49463,0,904,48021
temp_lbeta_1_0.800,750,11941,14581,63476,40993,309,48696,78057,0,46890,15011,49005,0,1090,47408
temp_lbeta_1_1.000,750,13719,12322,63957,41811,321,47866,76279,0,51266,14252,48187,0,1383,46354
temp_lbeta_1_1.250,750,16579,14994,58425,43020,462,46516,73418,0,52628,13560,46978,0,1869,44759
temp_lbeta_1_1.500,750,19609,7864,62525,44750,292,44956,70389,0,52097,13096,45248,0,2319,42614
temp_lbeta_1_2.000,750,34151,3332,52515,52243,303,37452,55847,0,34788,17689,37755,0,3379,33937
temp_ubeta_1_0.500,750,35939,0,54059,53135,0,36863,54059,0,0,54059,36863,0,0,36863
temp_ubeta_1_0.667,750,47236,0,42762,59457,0,30541,42762,0,0,42754,30541,0,0,30541
temp_ubeta_1_0.800,750,55537,0,34461,64512,0,25486,34461,0,0,34444,25486,0,0,25486
temp_ubeta_1_1.000,750,66083,0,23915,71308,0,18690,23915,0,0,23880,18690,0,0,18682
temp_ubeta_1_1.250,750,78574,0,11424,80484,0,9514,11424,0,0,11424,9514,0,0,9513
temp_ubeta_1_1.500,750,89574,0,424,89611,0,387,424,0,0,424,387,0,0,387
temp_ubeta_1_2.000,750,89998,0,0,89998,0,0,0,0,0,0,0,0,0,0
temp_lbeta_1_0.500,775,10600,16039,63359,40310,394,49294,79398,23,32846,15247,49688,0,619,48246
temp_lbeta_1_0.667,775,11191,16722,62085,40505,371,49122,78806,0,43855,14905,49493,0,933,48001
temp_lbeta_1_0.800,775,12188,14102,63708,40955,333,48710,77810,10,46739,14908,49043,3,1063,47323
temp_lbeta_1_1.000,775,13898,11895,64205,41903,293,47802,76100,0,50373,14391,48095,0,1423,46213
temp_lbeta_1_1.250,775,16235,15587,58176,42999,420,46579,73763,0,53244,13799,46999,0,1872,44800
temp_lbeta_1_1.500,775,19847,8752,61399,44894,298,44806,70151,0,51703,13169,45104,0,2158,42636
temp_lbeta_1_2.000,775,34443,3316,52239,52408,311,37279,55555,0,34253,18067,37590,0,3382,33778
temp_ubeta_1_0.500,775,35994,0,54004,53178,0,36820,54002,0,0,54002,36820,0,0,36820
temp_ubeta_1_0.667,775,47250,0,42748,59477,0,30521,42748,0,0,42738,30521,0,0,30521
temp_ubeta_1_0.800,775,55605,0,34393,64693,0,25305,34393,0,0,34384,25305,0,0,25302
temp_ubeta_1_1.000,775,66001,0,23997,71187,0,18811,23997,0,0,23968,18811,0,0,18810
temp_ubeta_1_1.250,775,78554,0,11444,80419,0,9579,11444,0,0,11437,9579,0,0,9579
temp_ubeta_1_1.500,775,89609,0,389,89650,0,348,389,0,0,389,348,0,0,348
temp_ubeta_1_2.000,775,89998,0,0,89998,0,0,0,0,0,0,0,0,0,0
temp_lbeta_1_0.500,800,10582,16077,63339,40235,329,49434,79416,25,33204,15017,49763,0,556,48401
temp_lbeta_1_0.667,800,11115,16169,62714,40370,370,49258,78883,0,43524,15182,49628,0,977,48030
temp_lbeta_1_0.800,800,12048,14605,63345,40848,322,48828,77950,0,46846,14767,49150,0,1145,47460
temp_lbeta_1_1.000,800,13962,11903,64133,41887,380,47731,76035,0,50944,14352,48111,0,1475,46214
temp_lbeta_1_1.250,800,16527,14826,58645,43261,461,46276,73471,0,52413,13884,46737,0,1823,44611
temp_lbeta_1_1.500,800,19514,8169,62315,44490,327,45181,70483,0,52459,13235,45508,0,2423,42749
temp_lbeta_1_2.000,800,34222,3093,52683,52316,323,37359,55775,0,34658,17805,37682,0,3505,33719
temp_ubeta_1_0.500,800,35817,0,54181,53161,0,36837,54181,0,0,54180,36837,0,0,36837
temp_ubeta_1_0.667,800,47805,0,42193,59826,0,30172,42193,0,0,42185,30172,0,0,30172
temp_ubeta_1_0.800,800,55566,0,34432,64534,0,25464,34431,0,0,34420,25464,0,0,25458
temp_ubeta_1_1.000,800,66612,0,23386,71695,0,18303,23386,0,0,23377,18303,0,0,18303
temp_ubeta_1_1.250,800,78532,0,11466,80297,0,9701,11466,0,0,11462,9701,0,0,9701
temp_ubeta_1_1.500,800,89655,0,343,89686,0,312,343,0,0,343,312,0,0,312
temp_ubeta_1_2.000,800,89998,0,0,89998,0,0,0,0,0,0,0,0,0,0
temp_lbeta_1_0.500,825,10646,16420,62932,40361,289,49348,79352,14,32855,15206,49637,1,608,48211
temp_lbeta_1_0.667,825,11201,16160,62637,40712,339,48947,78797,6,42959,15056,49286,0,980,47524
temp_lbeta_1_0.800,825,12025,14459,63514,40921,321,48756,77973,0,46626,14691,49077,0,1101,47473
temp_lbeta_1_1.000,825,13819,11803,64376,41868,298,47832,76178,0,50629,14458,48130,0,1482,46191
temp_lbeta_1_1.250,825,16408,15083,58507,42863,497,46638,73590,1,52790,13568,47135,0,1869,44892
temp_lbeta_1_1.500,825,19721,8296,61981,44645,274,45079,70277,0,52383,12910,45353,0,2157,42904
temp_lbeta_1_2.000,825,35244,2771,51983,52652,249,37097,54754,0,32949,18718,37346,0,3305,33588
temp_ubeta_1_0.500,825,36162,0,53836,53224,0,36774,53835,0,0,53834,36774,0,0,36774
temp_ubeta_1_0.667,825,47281,0,42717,59707,0,30291,42717,0,0,42711,30291,0,0,30290
temp_ubeta_1_0.800,825,55666,0,34332,64860,0,25138,34332,0,0,34307,25138,0,0,25132
temp_ubeta_1_1.000,825,66727,0,23271,71755,0,18243,23271,0,0,23244,18243,0,0,18243
temp_ubeta_1_1.250,825,78515,0,11483,80261,0,9737,11483,0,0,11472,9737,0,0,9737
temp_ubeta_1_1.500,825,89829,0,169,89838,0,160,169,0,0,169,160,0,0,160
temp_ubeta_1_2.000,825,89998,0,0,89998,0,0,0,0,0,0,0,0,0,0
temp_lbeta_1_0.500,850,10347,16095,63556,40043,345,49610,79651,46,32989,15229,49955,0,607,48476
temp_lbeta_1_0.667,850,11309,15916,62773,40841,354,48803,78688,2,42747,14989,49157,0,905,47659
temp_lbeta_1_0.800,850,12063,13868,64067,40866,363,48769,77934,6,47001,14688,49132,0,1181,47417
temp_lbeta_1_1.000,850,13873,11919,64206,42003,302,47693,76125,0,50824,14501,47995,0,1427,46138
temp_lbeta_1_1.250,850,16484,14360,59154,43034,459,46505,73514,0,52620,13749,46964,0,1830,44787
temp_lbeta_1_1.500,850,19500,8392,62106,44621,335,45042,70498,0,52462,13003,45377,0,2357,42669
temp_lbeta_1_2.000,850,36285,2550,51163,53422,278,36298,53713,0,31757,18800,36576,0,3431,32682
temp_ubeta_1_0.500,850,36101,0,53897,53270,0,36728,53897,0,0,53894,36727,0,0,36728
temp_ubeta_1_0.667,850,47361,0,42637,59703,0,30295,42637,0,0,42630,30295,0,0,30294
temp_ubeta_1_0.800,850,55883,0,34115,64777,0,25221,34115,0,0,34102,25221,0,0,25220
temp_ubeta_1_1.000,850,66262,0,23736,71448,0,18550,23736,0,0,23712,18550,0,0,18547
temp_ubeta_1_1.250,850,79180,0,10818,80830,0,9168,10818,0,0,10814,9168,0,0,9168
temp_ubeta_1_1.500,850,89893,0,105,89899,0,99,105,0,0,105,99,0,0,99
temp_ubeta_1_2.000,850,89998,0,0,89998,0,0,0,0,0,0,0,0,0,0
temp_lbeta_1_0.500,875,10390,16164,63444,40152,357,49489,79608,32,33075,15180,49846,0,714,48306
temp_lbeta_1_0.667,875,11121,16054,62823,40701,375,48922,78877,2,42339,15127,49297,0,957,47722
temp_lbeta_1_0.800,875,12134,13429,64435,41025,321,48652,77864,0,47183,14776,48973,0,1111,47277
temp_lbeta_1_1.000,875,14043,11760,64195,41959,289,47750,75955,0,50968,14249,48039,0,1407,46214
temp_lbeta_1_1.250,875,16897,14014,59087,43516,449,46033,73101,0,51969,13825,46482,0,1707,44437
temp_lbeta_1_1.500,875,19592,8431,61975,44591,345,45062,70405,0,52316,13032,45407,0,2166,42907
temp_lbeta_1_2.000,875,35538,2413,52047,52890,227,36881,54460,0,32653,18505,37108,0,3302,33297
temp_ubeta_1_0.500,875,35813,0,54185,53052,0,36946,54185,0,0,54184,36946,0,0,36946
temp_ubeta_1_0.667,875,47642,0,42356,59843,0,30155,42356,0,0,42352,30155,0,0,30154
temp_ubeta_1_0.800,875,55912,0,34086,64788,0,25210,34086,0,0,34081,25210,0,0,25210
temp_ubeta_1_1.000,875,66534,0,23464,71679,0,18319,23464,0,0,23433,18319,0,0,18314
temp_ubeta_1_1.250,875,79195,0,10803,80956,0,9042,10803,0,0,10799,9042,0,0,9040
temp_ubeta_1_1.500,875,89977,0,21,89979,0,19,21,0,0,21,19,0,0,19
temp_ubeta_1_2.000,875,89998,0,0,89998,0,0,0,0,0,0,0,0,0,0
temp_lbeta_1_0.500,900,10478,14429,65091,40240,305,49453,79520,36,33836,15257,49758,0,602,48372
temp_lbeta_1_0.667,900,11252,16143,62603,40540,404,49054,78744,0,42160,14891,49458,0,930,47852
temp_lbeta_1_0.800,900,12022,13637,64339,41006,319,48673,77976,0,47034,14847,48992,0,1174,47299
temp_lbeta_1_1.000,900,14116,11904,63978,42050,332,47616,75881,0,50512,14351,47948,0,1505,46048
temp_lbeta_1_1.250,900,16723,13420,59855,43239,453,46306,73275,0,52184,13910,46759,0,1873,44544
temp_lbeta_1_1.500,900,19547,8590,61861,44632,367,44999,70451,0,52129,13144,45366,0,2230,42804
temp_lbeta_1_2.000,900,34618,2643,52737,52536,233,37229,55379,0,33708,18236,37462,0,3437,33586
temp_ubeta_1_0.500,900,35951,0,54047,53223,0,36775,54047,0,0,54041,36775,0,0,36775
temp_ubeta_1_0.667,900,47379,0,42619,59532,0,30466,42616,0,0,42601,30466,0,0,30464
temp_ubeta_1_0.800,900,55933,0,34065,64950,0,25048,34064,0,0,34056,25048,0,0,25048
temp_ubeta_1_1.000,900,66562,0,23436,71968,0,18030,23436,0,0,23401,18030,0,0,18030
temp_ubeta_1_1.250,900,79213,0,10785,80883,0,9115,10785,0,0,10784,9115,0,0,9115
temp_ubeta_1_1.500,900,89992,0,6,89992,0,6,6,0,0,6,6,0,0,6
temp_ubeta_1_2.000,900,89998,0,0,89998,0,0,0,0,0,0,0,0,0,0
temp_lbeta_1_0.500,925,10348,13698,65952,40094,253,49651,79650,56,34031,15238,49904,0,616,48448
temp_lbeta_1_0.667,925,11479,15917,62602,41004,393,48601,78519,9,40967,14975,48994,1,892,47467
temp_lbeta_1_0.800,925,11861,13880,64257,40763,336,48899,78137,2,47117,14728,49235,0,1057,47621
temp_lbeta_1_1.000,925,13840,10426,65732,41772,257,47969,76158,0,50933,14262,48226,0,1451,46293
temp_lbeta_1_1.250,925,16796,12363,60839,43372,382,46244,73202,0,52421,13846,46626,0,1690,44614
temp_lbeta_1_1.500,925,19477,8498,62023,44476,340,45182,70521,0,52472,13151,45522,0,2305,42904
temp_lbeta_1_2.000,925,34626,2161,53211,52575,190,37233,55372,0,33994,18316,37423,0,3412,33599
temp_ubeta_1_0.500,925,36073,0,53925,53434,0,36564,53925,0,0,53923,36562,0,0,36564
temp_ubeta_1_0.667,925,47884,0,42114,59969,0,30029,42113,0,0,42105,30029,0,0,30027
temp_ubeta_1_0.800,925,55613,0,34385,64665,0,25333,34385,0,0,34366,25333,0,0,25326
temp_ubeta_1_1.000,925,66042,0,23956,71379,0,18619,23956,0,0,23942,18619,0,0,18619
temp_ubeta_1_1.250,925,79796,0,10202,81368,0,8630,10202,0,0,10199,8630,0,0,8630
temp_ubeta_1_1.500,925,89998,0,0,89998,0,0,0,0,0,0,0,0,0,0
temp_ubeta_1_2.000,925,89998,0,0,89998,0,0,0,0,0,0,0,0,0,0
temp_lbeta_1_0.500,950,10297,13383,66318,40065,291,49642,79701,34,34025,15223,49933,0,630,48492
temp_lbeta_1_0.667,950,11397,15656,62945,40760,339,48899,78601,4,40760,15091,49238,0,859,47679
temp_lbeta_1_0.800,950,12144,12778,65076,40938,291,48769,77854,0,46965,14694,49060,0,1070,47488
temp_lbeta_1_1.000,950,13937,10643,65418,41711,248,48039,76060,0,50919,14151,48287,0,1315,46534
temp_lbeta_1_1.250,950,16498,11536,61964,43232,382,46384,73500,0,52306,13887,46766,0,1839,44577
temp_lbeta_1_1.500,950,19533,9057,61408,44627,381,44990,70465,0,52563,13136,45371,0,2267,42843
temp_lbeta_1_2.000,950,34216,1957,53825,52204,144,37650,55782,0,34324,18230,37794,0,3418,33987
temp_ubeta_1_0.500,950,36236,0,53762,53562,0,36436,53762,0,0,53761,36436,0,0,36436
temp_ubeta_1_0.667,950,47725,0,42273,59876,0,30122,42273,0,0,42267,30122,0,0,30119
temp_ubeta_1_0.800,950,55685,0,34313,64701,0,25297,34313,0,0,34297,25297,0,0,25297
temp_ubeta_1_1.000,950,66143,0,23855,71471,0,18527,23855,0,0,23835,18527,0,0,18522
temp_ubeta_1_1.250,950,79560,0,10438,81138,0,8860,10438,0,0,10438,8860,0,0,8860
temp_ubeta_1_1.500,950,89998,0,0,89998,0,0,0,0,0,0,0,0,0,0
temp_ubeta_1_2.000,950,89998,0,0,89998,0,0,0,0,0,0,0,0,0,0
temp_lbeta_1_0.500,975,10324,12717,66957,40006,268,49724,79674,12,34191,15155,49992,0,677,48555
temp_lbeta_1_0.667,975,11375,14991,63632,40541,292,49165,78623,3,41301,14873,49457,0,843,47964
temp_lbeta_1_0.800,975,12312,12371,65315,40947,269,48782,77686,0,46554,14717,49051,0,1146,47374
temp_lbeta_1_1.000,975,13759,10095,66144,41716,233,48049,76239,0,51380,14326,48282,0,1492,46371
temp_lbeta_1_1.250,975,16614,10357,63027,43097,345,46556,73384,0,52682,13678,46901,0,1971,44555
temp_lbeta_1_1.500,975,19477,9033,61488,44481,412,45105,70521,0,52418,13124,45517,0,2339,42798
temp_lbeta_1_2.000,975,34424,1759,53815,52405,164,37429,55574,0,34153,18358,37593,0,3393,33751
temp_ubeta_1_0.500,975,36288,0,53710,53453,0,36545,53708,0,0,53703,36545,0,0,36545
temp_ubeta_1_0.667,975,47711,0,42287,59834,0,30164,42286,0,0,42282,30164,0,0,30163
temp_ubeta_1_0.800,975,55898,0,34100,64759,0,25239,34100,0,0,34080,25239,0,0,25239
temp_ubeta_1_1.000,975,66397,0,23601,71614,0,18384,23601,0,0,23589,18384,0,0,18382
temp_ubeta_1_1.250,975,79539,0,10459,81170,0,8828,10458,0,0,10459,8828,0,0,8828
temp_ubeta_1_1.500,975,89998,0,0,89998,0,0,0,0,0,0,0,0,0,0
temp_ubeta_1_2.000,975,89998,0,0,89998,0,0,0,0,0,0,0,0,0,0
temp_lbeta_1_0.500,1000,10263,12729,67006,40091,248,49659,79735,42,34326,15181,49907,3,638,48506
temp_lbeta_1_0.667,1000,11183,14727,64088,40376,356,49266,78815,1,41878,14847,49622,1,929,48085
temp_lbeta_1_0.800,1000,11988,11949,66061,41050,317,48631,78010,1,46745,15036,48947,0,1027,47344
temp_lbeta_1_1.000,1000,13587,10434,65977,41637,294,48067,76411,0,51018,14395,48361,0,1370,46548
temp_lbeta_1_1.250,1000,16509,9830,63659,43021,337,46640,73489,0,52528,13690,46977,0,1831,44784
temp_lbeta_1_1.500,1000,20028,9436,60534,44784,344,44870,69970,0,51855,12929,45214,0,2209,42718
temp_lbeta_1_2.000,1000,34437,1610,53951,52515,137,37346,55561,0,34006,18175,37483,0,3412,33668
temp_ubeta_1_0.500,1000,36013,0,53985,53166,0,36832,53985,0,0,53983,36832,0,0,36832
temp_ubeta_1_0.667,1000,47544,0,42454,59849,0,30149,42454,0,0,42447,30149,0,0,30148
temp_ubeta_1_0.800,1000,55643,0,34355,64757,0,25241,34355,0,0,34342,25241,0,0,25241
temp_ubeta_1_1.000,1000,66595,0,23403,71835,0,18163,23403,0,0,23373,18163,0,0,18160
temp_ubeta_1_1.250,1000,79580,0,10418,81216,0,8782,10418,0,0,10418,8782,0,0,8782
temp_ubeta_1_1.500,1000,89998,0,0,89998,0,0,0,0,0,0,0,0,0,0
temp_ubeta_1_2.000,1000,89998,0,0,89998,0,0,0,0,0,0,0,0,0,0
